名前,グループ,チーム,公式ニックネーム,所属事務所,生年月日,年齢,出身地,血液型,身長(cm),スリーサイズ,合格期,選抜回数,グループ(兼任),チーム(兼任),サイリウム
入山杏奈,AKB48,チームA,あんにん,太田プロダクション,1995/12/03,21,千葉県,B,160.2,B78 W57 H83,10期生,13回,,,
大家志津香,AKB48,チームA,しいちゃん,ワタナベエンターテインメント,1991/12/28,25,福岡県,O,167,,4期生,5回,,,
小嶋菜月,AKB48,チームA,なっつん,AKS,1995/03/08,22,千葉県,A,155,,11期生,0回,,,
佐々木優佳里,AKB48,チームA,ゆかるん,AKS,1995/08/28,22,埼玉県,B,158,,12期生,1回,,,
白間美瑠,NMB48,チームM,みるるん,Showtitle,1997/10/14,20,大阪府,B,160,,1期生,NMB48 16回 AKB48 6回,AKB48,チームA,
田北香世子,AKB48,チームA,かよよん,AKS,1997/02/13,20,千葉県,O,157,,ドラフト1期生,0回,,,
谷口めぐ,AKB48,チームA,おめぐ,AKS,1998/11/12,19,東京都,A,159,,15期生,0回,,,
中西智代梨,AKB48,チームA,ちょり,AKS,1995/05/12,22,福岡県,O,160,,HKT48 1期生,AKB48 0回 HKT48 2回,,,
樋渡結依,AKB48,チームA,ひーわたん,,2000/04/30,17,埼玉県,A,151,,ドラフト2期生,1回,,,
宮崎美穂,AKB48,チームA,みゃお,ホリプロ,1993/07/30,24,東京都,O,160,B77 W58 H83,5期生,10回,,,
宮脇咲良,HKT48,チームKIV,さくら,AKS,1998/03/19,19,鹿児島県,A,163,,1期生,HKT48 10回 AKB48 17回,AKB48,チームA,
横山由依,AKB48,チームA,ゆいはん,太田プロダクション,1992/12/08,24,京都府,B,159,B74 W58 H86,9期生,AKB48 28回 NMB48 1回,,,
阿部マリア,AKB48,チームK,あべまる,ジャパン・ミュージックエンターテインメント,1995/11/29,21,神奈川県,B,168,,10期生,4回,,,
市川愛美,AKB48,チームK,まなみ,AKS,1999/08/26,18,東京都,A,157,,15期生,0回,,,
久保怜音,AKB48,チームK,さとぴー,AKS,2003/11/20,14,神奈川県,O,157,,ドラフト2期生,1回,,,
兒玉遥,HKT48,チームH,はるっぴ,AKS,1996/09/19,21,福岡県,O,158,,1期生,HKT48 10回 AKB48 11回,AKB48,チームK,
篠崎彩奈,AKB48,チームK,あやなん,AKS,1996/01/08,21,埼玉県,B,154,,13期生,0回,,,
下口ひなな,AKB48,チームK,ひなな,AKS,2001/07/19,16,千葉県,O,161,,ドラフト1期生,,,,
田野優花,AKB48,チームK,たのちゃん,AKS,1997/03/07,20,東京都,O,150,,12期生,3回,,,
藤田奈那,AKB48,チームK,なぁな,AKS,1996/12/28,20,東京都,A,164,,10期生,0回,,,
峯岸みなみ,AKB48,チームK,みいちゃん,プロダクション尾木,1992/11/15,25,東京都,B,158,B80 W60 H86,1期生,39回（インディーズ1曲含む）,,,
向井地美音,AKB48,チームK,みーおん,Mama＆Son,1998/01/29,19,埼玉県,O,150,,15期生,9回,,,
武藤十夢,AKB48,チームK,とむ,AKS,1994/11/25,23,東京都,B,156,,12期生,7回,,,
茂木忍,AKB48,チームK,もぎちゃん,AKS,1997/02/16,20,千葉県,AB,162,,13期生,0回,,,
湯本亜美,AKB48,チームK,ゆあみ,AKS,1997/10/03,20,埼玉県,O,156,,15期生,1回,,,
柏木由紀,AKB48,チームB,ゆきりん,ワタナベエンターテインメント,1991/07/15,26,鹿児島県,B,164,,3期生,AKB48 40回 NMB48 2回 NGT48 2回,NGT48,チームNIII,
加藤玲奈,AKB48,チームB,れなっち,Mama＆Son,1997/07/10,20,千葉県,B,160,B75 W58 H83,10期生,11回,,,
後藤萌咲,AKB48,チームB,もえきゅん,AKS,2001/05/20,16,愛知県,O,168,,ドラフト1期生,0回,,,
竹内美宥,AKB48,チームB,みゆみゆ,オー・エンタープライズ,1996/01/12,21,東京都,O,154.5,B74 W59 H78,9期生,2回,,,
達家真姫宝,AKB48,チームB,まきちゃん,AKS,2001/10/19,16,東京都,B,161.7,,15期生,0回,,,
西川怜,AKB48,チームB,れい,AKS,2003/10/25,14,東京都,B,149,,ドラフト2期生,0回,,,
福岡聖菜,AKB48,チームB,せいちゃん,AKS,2000/08/01,17,神奈川県,O,155,,15期生,0回,,,
馬嘉伶,AKB48,チームB,まちゃりん,AKS,1996/12/21,20,台湾（中華民国）,不明,158,,AKB48台湾オーディション,,,,
矢吹奈子,HKT48,チームH,なこ,AKS,2001/06/18,16,東京都,不明,148.1,,3期生,HKT48 7回 AKB48 0回,AKB48,チームB,
山邊歩夢,AKB48,チームB,あゆ,AKS,2002/02/03,15,千葉県,B,149,,ドラフト2期生,0回,,,
渡辺麻友,AKB48,チームB,まゆゆ,プロダクション尾木,1994/03/26,23,埼玉県,AB,156,B71 W55 H82,3期生,43回,,,
飯野雅,AKB48,チーム4,みやび,AKS,1997/09/29,20,東京都,B,164,,15期生,0回,,,
岩立沙穂,AKB48,チーム4,さっほー,AKS,1994/10/04,23,神奈川県,B,157,,13期生,0回,,,
大川莉央,AKB48,チーム4,りお、りおりん,AKS,2001/03/01,16,東京都,A,160,,15期生,0回,,,
大森美優,AKB48,チーム4,みゆぽん,AKS,1998/09/03,19,神奈川県,B,161,,12期生,0回,,,
岡田奈々,AKB48,チーム4,なぁちゃん,AKS,1997/11/07,20,神奈川県,A,155,,14期生,AKB48 9回 STU48 1回,,,
川本紗矢,AKB48,チーム4,さやや,AKS,1998/08/31,19,北海道,B,155,,ドラフト1期生,6回,,,
北川綾巴,SKE48,チームS,りょうは,AKS,1998/10/09,19,愛知県,B,163,,6期生,SKE48 10回 AKB48 3回,AKB48,チーム4,水色 紫
北澤早紀,AKB48,チーム4,さっきー,AKS,1997/06/05,20,愛知県,A,151,,13期生,0回,,,
小嶋真子,AKB48,チーム4,こじまこ,サンミュージックプロダクション,1997/05/30,20,東京都,O,160,,14期生,10回,,,
込山榛香,AKB48,チーム4,こみはる,AKS,1998/09/12,19,千葉県,B,154,,15期生,3回,,,
佐藤妃星,AKB48,チーム4,きぃちゃん,AKS,2000/08/11,17,千葉県,B,150,,15期生,0回,,,
渋谷凪咲,NMB48,チームM,なぎさ,Showtitle,1996/08/25,21,大阪府,A,163.2,,4期生,NMB48 8回 AKB48 1回,AKB48,チーム4,
高橋朱里,AKB48,チーム4,じゅり,AKS,1997/10/03,20,茨城県,A,158.5,,12期生,11回,,,
千葉恵里,AKB48,チーム4,えりい,AKS,2003/10/27,14,神奈川県,不明,160,,ドラフト2期生,0回,,,
朝長美桜,HKT48,チームKIV,みお,AKS,1998/05/17,19,福岡県,O,154,B78 W58 H84,2期生,HKT48 10回 AKB48 3回,AKB48,チーム4,
野澤玲奈,AKB48,チーム4,レナチャン,AKS,1998/05/06,19,東京都,B,168,,JKT48 1期生,AKB48 0回 JKT48 2回,,,
村山彩希,AKB48,チーム4,ゆいりー,AKS,1997/06/15,20,神奈川県,O,155,,13期生,0回,,,
坂口渚沙,AKB48,チーム8,なぎ,AKS,2000/12/23,16,北海道,A,149,,チーム8,1回,AKB48,チームB,
横山結衣,AKB48,チーム8,ヨコちゃん,AKS,2001/02/22,16,青森県,O,159,,チーム8,0回,,,
谷川聖,AKB48,チーム8,ひじりん,AKS,2000/12/26,16,秋田県,A,160,,チーム8,0回,,,
佐藤七海,AKB48,チーム8,ななみん,AKS,2000/01/19,17,岩手県,A,162,,チーム8,0回,,,
早坂つむぎ,AKB48,チーム8,つっちゃん,AKS,2001/05/12,16,山形県,B,163.5,,チーム8,0回,,,
佐藤朱,AKB48,チーム8,あかりん,AKS,1996/11/09,21,宮城県,A,170.5,,チーム8,0回,,,
舞木香純,AKB48,チーム8,かすみん,AKS,1997/04/28,20,福島県,O,162.7,,チーム8,0回,,,
岡部麟,AKB48,チーム8,りんりん,AKS,1996/11/07,21,茨城県,不明,158.4,,チーム8,1回,,,
本田仁美,AKB48,チーム8,ひぃちゃん,AKS,2001/10/06,16,栃木県,A,158.1,,チーム8,0回,,,
清水麻璃亜,AKB48,チーム8,まりあ,AKS,1997/09/29,20,群馬県,A,158.3,,チーム8,0回,,,
髙橋彩音,AKB48,チーム8,あやね,AKS,1997/12/30,19,埼玉県,B,152.7,,チーム8,0回,,,
吉川七瀬,AKB48,チーム8,ななせ,AKS,1998/07/21,19,千葉県,A,162.7,,チーム8,0回,,,
小栗有以,AKB48,チーム8,ゆいゆい,AKS,2001/12/26,15,東京都,不明,162,,チーム8,4回,,,
小田えりな,AKB48,チーム8,おだえり,AKS,1997/04/25,20,神奈川県,A,165,,チーム8,1回,,,
佐藤栞,AKB48,チーム8,しおりん,AKS,1998/02/03,19,新潟県,O,158.3,,チーム8,0回,,,
左伴彩佳,AKB48,チーム8,ひだあや,AKS,1998/07/29,19,山梨県,A,155,,チーム8,0回,,,
歌田初夏,AKB48,チーム8,はっつ,AKS,2002/07/08,15,愛知県,A,155.7,,チーム8,0回,,,
横道侑里,AKB48,チーム8,ゆり,AKS,2000/10/23,17,静岡県,A,150.2,,チーム8,0回,,,
服部有菜,AKB48,チーム8,ゆうな,AKS,2001/03/30,16,岐阜県,A,160.1,,チーム8,0回,,,
野田陽菜乃,AKB48,チーム8,ひなのん,AKS,2004/02/15,13,三重県,A,145,,チーム8,0回,,,
橋本陽菜,AKB48,チーム8,はるpyon,AKS,2000/05/25,17,富山県,A,150.4,,チーム8,0回,,,
平野ひかる,AKB48,チーム8,ひか,AKS,2003/01/29,14,石川県,O,151.8,,チーム8,0回,,,
長久玲奈,AKB48,チーム8,くれな,AKS,2000/05/11,17,福井県,O,165,,チーム8,0回,,,
髙橋彩香,AKB48,チーム8,たかさや、さやりん,AKS,2001/11/22,16,長野県,O,159.5,,チーム8,0回,,,
永野芹佳,AKB48,チーム8,SERIKA,AKS,2001/03/27,16,大阪府,O,155,,チーム8,0回,,,
太田奈緒,AKB48,チーム8,なお,AKS,1994/12/05,22,京都府,AB,159.6,,チーム8,0回,,,
山田菜々美,AKB48,チーム8,山田,AKS,1999/02/09,18,兵庫県,B,156.1,,チーム8,1回,AKB48,チームA,
山本瑠香,AKB48,チーム8,るか,AKS,2000/10/10,17,和歌山県,O,154.7,,チーム8,0回,,,
大西桃香,AKB48,チーム8,おおにし,AKS,1997/09/20,20,奈良県,B,156,,チーム8,1回,,,
濵咲友菜,AKB48,チーム8,はまちゃん,AKS,2001/08/20,16,滋賀県,A,146.8,,チーム8,0回,,,
中野郁海,AKB48,チーム8,いくみん,AKS,2000/08/20,17,鳥取県,不明,166.6,,チーム8,2回,AKB48,チームK,
人見古都音,AKB48,チーム8,こっちゃん,AKS,2001/01/19,16,岡山県,A,165,,チーム8,0回,,,
奥本陽菜,AKB48,チーム8,のんのん,AKS,2003/10/09,14,広島県,O,,,チーム8,0回,,,
下尾みう,AKB48,チーム8,みう,AKS,2001/04/03,16,山口県,A,161.4,,チーム8,0回,,,
春本ゆき,AKB48,チーム8,ゆき,AKS,1999/12/24,17,徳島県,,,,チーム8,0回,,,
行天優莉奈,AKB48,チーム8,ゆりな,AKS,1999/03/14,18,香川県,O,162,,チーム8,0回,,,
高岡薫,AKB48,チーム8,かおるんば,AKS,2000/11/29,16,愛媛県,A,153,,チーム8,0回,,,
廣瀬なつき,AKB48,チーム8,なっちゃん,AKS,1997/06/09,20,高知県,O,161.8,,チーム8,0回,,,
吉田華恋,AKB48,チーム8,かれん,AKS,2002/08/27,15,福岡県,O,160.4,,チーム8,0回,,,
川原美咲,AKB48,チーム8,みっさー,AKS,2002/04/03,15,佐賀県,A,,,チーム8,0回,,,
寺田美咲,AKB48,チーム8,みさっきー,AKS,1999/12/28,17,長崎県,A,153.5,,チーム8,0回,,,
倉野尾成美,AKB48,チーム8,なる,AKS,2000/11/08,17,熊本県,A,152,,チーム8,0回,,,
山田杏華,AKB48,チーム8,きょうか,AKS,2002/11/03,15,大分県,A,151,,チーム8,0回,,,
谷口もか,AKB48,チーム8,もか,AKS,2001/05/28,16,宮崎県,O,149.9,,チーム8,0回,,,
下青木香鈴,AKB48,チーム8,かりん,AKS,2000/10/28,17,鹿児島県,A,148.3,,チーム8,0回,,,
宮里莉羅,AKB48,チーム8,らんりー,AKS,2002/03/30,15,沖縄県,O,162.2,,チーム8,0回,,,
浅井七海,AKB48,研究生,なーみん,AKS,2000/05/20,17,神奈川県,O,166,,16期,0回,,,
稲垣香織,AKB48,研究生,かおり,AKS,1997/10/31,20,岡山県,B,156,,16期,0回,,,
梅本和泉,AKB48,研究生,いずみん,AKS,1998/10/16,19,山口県,A,154,,16期,0回,,,
黒須遥香,AKB48,研究生,はーちゃん,AKS,2001/02/28,16,埼玉県,O,160,,16期,0回,,,
佐藤美波,AKB48,研究生,みなみ,AKS,2003/08/03,14,神奈川県,O,153,,16期,0回,,,
庄司なぎさ,AKB48,研究生,なぎゅ,AKS,2000/10/29,17,北海道,A,154,,16期,0回,,,
鈴木くるみ,AKB48,研究生,くるるん,AKS,2004/09/02,13,東京都,A,151,,16期,0回,,,
田口愛佳,AKB48,研究生,まなか,AKS,2003/12/12,13,神奈川県,不明,152,,16期,0回,,,
田屋美咲,AKB48,研究生,たっちゃん,AKS,2004/07/14,13,東京都,不明,154.2,,16期,0回,,,
長友彩海,AKB48,研究生,あやみん,AKS,2000/11/02,17,神奈川県,O,161,,16期,0回,,,
播磨七海,AKB48,研究生,はりまちゃん,AKS,2004/08/02,13,千葉県,A,150,,16期,0回,,,
本間麻衣,AKB48,研究生,まいちゃん,AKS,2002/09/06,15,東京都,O,162,,16期,0回,,,
前田彩佳,AKB48,研究生,あやか,AKS,2000/12/18,16,神奈川県,O,158,,16期,0回,,,
道枝咲,AKB48,研究生,さきぽん,AKS,2003/12/20,13,神奈川県,不明,157,,16期,0回,,,
武藤小麟,AKB48,研究生,おりん,AKS,2000/07/22,17,東京都,AB,153,,16期,0回,,,
安田叶,AKB48,研究生,かなぶん,AKS,2002/03/11,15,埼玉県,A,154,,16期,0回,,,
山内瑞葵,AKB48,研究生,ずっきー,AKS,2001/09/20,16,東京都,O,160,,16期,0回,,,
山根涼羽,AKB48,研究生,ずんちゃん,AKS,2000/08/11,17,兵庫県,A,160,,16期,0回,,,
一色嶺奈,SKE48,チームS,れなひゅー ひゅーさん ひゅーちゃん,AKS,2002/02/15,15,神奈川県,O,163,,ドラフト2期生,0回,,,紫
犬塚あさな,SKE48,チームS,わんちゃん,AKS,1994/03/19,23,愛知県,A,153,B82 W60 H87.7,4期生,0回,,,ピンク 白
井上瑠夏,SKE48,チームS,るーちゃん,AKS,2001/06/12,16,熊本県,O,156,,8期生,0回,,,黄 青
大矢真那,SKE48,チームS,まさにゃ,AKS,1990/11/06,27,愛知県,AB,158,B75 W57 H82,1期生,18回,,,青 白
上村亜柚香,SKE48,チームS,あーちゃん あゆか丸,AKS,2004/01/27,13,愛知県,A,155.5,,ドラフト2期生,0回,,,オレンジ 黄緑
北川愛乃,SKE48,チームS,よこにゃん,AKS,2001/01/24,16,大阪府,O,158,,8期生,0回,,,ピンク 水色
後藤理沙子,SKE48,チームS,りさちゃん,AKS,1997/05/29,20,愛知県,A,161,B77 W59 H82,,0回,,,ピンク 黄
杉山愛佳,SKE48,チームS,あいあい,AKS,2002/03/05,15,愛知県,B,154,,7期生,0回,,,赤 緑 濃いピンク
都築里佳,SKE48,チームS,りかちゃん ぴよす,AKS,1995/11/08,22,愛知県,O,154.5,B74 W58 H79,4期生,0回,,,青 ペパーミントグリーン
野島樺乃,SKE48,チームS,かのちゃん,AKS,2001/09/06,16,愛知県,O,162,,7期生,0回,,,紫 黄
野村実代,SKE48,チームS,みよまる,AKS,2003/02/01,14,愛知県,A,159,,8期生,0回,,,黄緑 黄緑
町音葉,SKE48,チームS,まっち,AKS,2001/11/06,16,岐阜県,A,158,,7期生,0回,,,水色 黄緑 黄
松井珠理奈,SKE48,チームS,じゅりな,アービング,1997/03/08,20,愛知県,B,163,B78 W60 H85,1期生,SKE48 22回 AKB48 38回,,,オレンジ 緑
松本慈子,SKE48,チームS,ちかこ,AKS,1999/11/19,18,大阪府,O,161,,ドラフト1期生,0回,,,ピンク オレンジ
山内鈴蘭,SKE48,チームS,らんらん,ホリプロ,1994/12/08,22,千葉県,O,152,,AKB48 9期生,SKE48 1回 AKB48 2回,,,白 緑
山田樹奈,SKE48,チームS,じゅなっこ,AKS,1998/05/25,19,愛知県,A,148,B73.5 W59.6 H74.7,6期生,0回,,,オレンジ 黄 青 or オレンジ
青木詩織,SKE48,チームKII,おしりん,AKS,1996/04/22,21,静岡県,O,153,B79.5 W58.5 H86,6期生,0回,,,青 黄 白
荒井優希,SKE48,チームKII,ゆき,AKS,1998/05/07,19,京都府,A,164,,ドラフト1期生,0回,,,緑 紫
内山命,SKE48,チームKII,みこってぃ,AKS,1995/11/14,22,三重県,AB,165,B80 W61 H89,2期生,0回,,,黄 + オレンジ
江籠裕奈,SKE48,チームKII,えごちゃん,AKS,2000/03/29,17,愛知県,O,163,,5期生,6回,,,ピンク 黄
太田彩夏,SKE48,チームKII,あやめろ,AKS,2000/08/17,17,岐阜県,B,152,,7期生,0回,,,赤 オレンジ 黄
大場美奈,SKE48,チームKII,みなるん,ジャパン・ミュージックエンターテインメント,1992/04/03,25,神奈川県,A,150,,AKB48 9期生,SKE48 11回 AKB48 2回,,,水色 水色
小畑優奈,SKE48,チームKII,ゆなな,AKS,2001/12/18,15,愛知県,O,152,,7期生,SKE48 2回 AKB48 1回,,,黄 ピンク 黄
片岡成美,SKE48,チームKII,なるぴー,AKS,2003/03/13,14,愛知県,A,137,,7期生,0回,,,ピンク 紫
北野瑠華,SKE48,チームKII,るかてぃん,AKS,1999/05/25,18,岐阜県,A,157,B76.5 W58.5 H85.5,6期生,2回,,,黄 黄
白井琴望,SKE48,チームKII,こっちゃん,AKS,2002/12/01,14,愛知県,B,157,,ドラフト2期生,0回,,,赤 白
惣田紗莉渚,SKE48,チームKII,さりー,AKS,1993/01/18,24,埼玉県,B,161,,ドラフト1期生,SKE48 7回 AKB48 1回,,,水色 赤
高木由麻奈,SKE48,チームKII,ゆまな,AKS,1993/08/23,24,愛知県,A,164,B77 W55 H86,4期生,0回,,,白 白
髙塚夏生,SKE48,チームKII,なっち,AKS,2000/08/29,17,大阪府,A,157,,ドラフト1期生,0回,,,水色 白
高柳明音,SKE48,チームKII,ちゅり,エイベックス・マネジメント,1991/11/29,25,愛知県,B,154,,2期生,SKE48 21回 NMB48 1回 AKB48 4回,,,黄 緑 ウィンブルドンへ連れて行って： ピンク
竹内彩姫,SKE48,チームKII,さきぽん,AKS,1999/11/24,18,愛知県,B,153,,6期生,3回,,,ピンク 青
日高優月,SKE48,チームKII,ゆづき,AKS,1998/04/01,19,愛知県,O,160,B76 W61 H83,6期生,3回,,,赤 赤
古畑奈和,SKE48,チームKII,なお,AKS,1996/09/15,21,愛知県,O,160.3,B73 W60 H80.5,5期生,SKE48 11回 AKB48 4回,,,黄緑 水色
松村香織,SKE48,チームKII,かおたん,AKS,1990/01/17,27,埼玉県,O,156,,3期生,SKE48 3回 AKB48 1回,,,赤 緑 白
水野愛理,SKE48,チームKII,あいり,AKS,2002/09/21,15,愛知県,A,152.5,,ドラフト2期生,0回,,,赤 水色 黄
矢作有紀奈,SKE48,チームKII,きな,AKS,1995/03/13,22,埼玉県,B,156,,8期生,1回,,,ピンク 紫 白
相川暖花,SKE48,チームE,ほのの,AKS,2003/10/22,14,愛知県,O,140,,7期生,0回,,,オレンジ 水色 ピンク
浅井裕華,SKE48,チームE,ゆうかたん,AKS,2003/11/10,14,愛知県,O,158,,7期生,0回,,,ピンク
井田玲音名,SKE48,チームE,れおな,AKS,1998/12/03,18,三重県,AB,163,B77 W63 H88.5,6期生,0回,,,ピンク 黄 水色
市野成美,SKE48,チームE,なる,AKS,1999/04/14,18,愛知県,O,156.5,B69.5 W60.5 H77,5期生,0回,,,水色 水色 ピンク or 水色 のみ
鎌田菜月,SKE48,チームE,なっきぃ,AKS,1996/08/29,21,愛知県,O,163,B81 W64 H88,6期生,1回,,,白 紫 白
木本花音,SKE48,チームE,のん,AKS,1997/08/11,20,愛知県,AB,152,B75 W58 H82,4期生,SKE48 18回 HKT48 2回 AKB48 4回,,,ピンク 赤 黄
熊崎晴香,SKE48,チームE,くまちゃん,AKS,1997/08/10,20,愛知県,O,160,B74 W58 H82,6期生,5回,,,赤 紫
後藤楽々,SKE48,チームE,らら,AKS,2000/07/23,17,愛知県,AB,153,,7期生,SKE48 5回 AKB48 3回,,,黄 水色 白
斉藤真木子,SKE48,チームE,まっきぃ,AKS,1994/06/28,23,大阪府,A,153,B80 W60 H85,2期生,1回,,,赤 緑
佐藤佳穂,SKE48,チームE,さとかほ,AKS,1997/05/16,20,愛知県,A,158,,8期生,0回,,,水色 黄
佐藤すみれ,SKE48,チームE,すーめろ,ホリプロ,1993/11/20,24,埼玉県,O,165,,AKB48 7期生,SKE48 4回 AKB48 3回,,,薄紫 薄紫
末永桜花,SKE48,チームE,おーちゃん,AKS,2002/02/26,15,愛知県,A,153,,7期生,0回,,,ピンク ピンク ピンク
菅原茉椰,SKE48,チームE,まーやん,AKS,2000/01/10,17,宮城県,不明,163,,ドラフト2期生,2回,,,緑
須田亜香里,SKE48,チームE,あかりん,TWIN PLANET,1991/10/31,26,愛知県,A,159,B77 W56 H81,3期生,SKE48 19回 AKB48 10回,,,赤 1本
髙寺沙菜,SKE48,チームE,さーなん,AKS,1999/11/15,18,京都府,AB,156,,ドラフト1期生,0回,,,黄 緑 青 （緑は真ん中固定）
髙畑結希,SKE48,チームE,はたごん,AKS,1995/07/18,22,香川県,A,153,,7期生,0回,,,青 白 白
谷真理佳,SKE48,チームE,まりか,AKS,1996/01/05,21,福岡県,B,161,,HKT48 2期生,SKE48 5回 HKT48 1回,,,レインボー 白
福士奈央,SKE48,チームE,どんちゃん,AKS,1999/04/23,18,栃木県,O,159,,ドラフト1期生,0回,,,緑 オレンジ 緑
渥美彩羽,SKE48,研究生,あや,AKS,2002/03/19,15,静岡県,O,152,,8期生,0回,,,オレンジ 紫
石川咲姫,SKE48,研究生,さきりん,AKS,2001/05/05,16,愛知県,不明,153,,8期生,0回,,,黄 黄緑 ピンク
石黒友月,SKE48,研究生,ゆづ,AKS,2003/10/11,14,愛知県,AB,147,,8期生,0回,,,赤 黄
大芝りんか,SKE48,研究生,りんか,AKS,2001/10/29,16,埼玉県,B,154,,8期生,0回,,,赤 オレンジ
岡田美紅,SKE48,研究生,みぃぽぽ,AKS,1997/11/13,20,徳島県,A,155,,8期生,0回,,,ピンク 白 白
倉島杏実,SKE48,研究生,あみちゃん,AKS,2005/06/28,12,神奈川県,不明,140,,8期生,0回,,,黄 白
坂本真凛,SKE48,研究生,まりん,AKS,2002/02/02,15,愛知県,B,160,,8期生,0回,,,青 水色
白雪希明,SKE48,研究生,こはちゃん,AKS,1998/08/30,19,愛知県,B,159.5,,8期生,0回,,,白 赤 白
仲村和泉,SKE48,研究生,いずりん,AKS,2000/03/15,17,大阪府,A,154,,8期生,0回,,,赤 青 白 （青は真ん中固定）
野々垣美希,SKE48,研究生,のの,AKS,1999/10/07,18,愛知県,O,156,,8期生,0回,,,白 水色
深井ねがい,SKE48,研究生,ねがい,AKS,2003/01/16,14,大阪府,O,157,,8期生,0回,,,白 水色 白
森平莉子,SKE48,研究生,りこりん,AKS,2000/11/24,17,広島県,A,160,,8期生,0回,,,赤 青
和田愛菜,SKE48,研究生,あいな,AKS,2000/02/28,17,愛知県,A,156,,7期生,0回,,,オレンジ 黄 緑
東由樹,NMB48,チームN,ゆきつん,Showtitle,1996/02/17,21,兵庫県,O,160,,2期生,0回,,,
市川美織,NMB48,チームN,みおりん、レモンちゃん,プロダクション尾木,1994/02/12,23,埼玉県,O,148,,AKB48 10期生,NMB48 8回 AKB48 4回,,,
梅山恋和,NMB48,チームN,ココナ,Showtitle,2003/08/07,14,大阪府,O,150,,5期生,0回,,,
日下このみ,NMB48,チームN,このみん,Showtitle,1996/01/12,21,大阪府,B,155.5,,3期生,4回,,,
古賀成美,NMB48,チームN,なる,Showtitle,1998/03/30,19,大阪府,B,161.5,,2期生,0回,,,
小嶋花梨,NMB48,チームN,こじりん,Showtitle,1999/07/16,18,埼玉県,A,163,,5期生,0回,,,
谷川愛梨,NMB48,チームN,あいり,Showtitle,1995/12/05,21,大阪府,O,158,,2期生,13回,,,
内木志,NMB48,チームN,ここちゃん,Showtitle,1997/04/06,20,滋賀県,A,163.5,,ドラフト1期生,1回,,,
林萌々香,NMB48,チームN,モカ,Showtitle,1998/09/11,19,京都府,O,158,,2期生,0回,,,
堀詩音,NMB48,チームN,しおん,Showtitle,1996/05/29,21,北海道,O,158.5,,ドラフト2期生,0回,,,
本郷柚巴,NMB48,チームN,ゆず,Showtitle,2003/01/12,14,大阪府,B,148,,ドラフト2期生,0回,,,
松村芽久未,NMB48,チームN,めぐみん,Showtitle,1995/06/26,22,大阪府,AB,158,,4期生,0回,,,
溝川実来,NMB48,チームN,みらい,Showtitle,2004/05/13,13,京都府,A,152,,5期生,0回,,,
三田麻央,NMB48,チームN,まおきゅん,Showtitle,1995/09/09,22,大阪府,A,161,,2期生,0回,,,
山尾梨奈,NMB48,チームN,やまりな,Showtitle,1995/12/10,21,京都府,A,147,,4期生,0回,,,
山本彩加,NMB48,チームN,あーやん,Showtitle,2002/08/06,15,兵庫県,A,155.5,,5期生,NMB48 2回 AKB48 3回,,,
山本彩,NMB48,チームN,さやか,Showtitle,1993/07/14,24,大阪府,B,155,Dカップ,1期生,NMB48 17回 AKB48 24回,,,
安藤愛璃菜,NMB48,チームM,えーりん,Showtitle,2003/11/21,14,愛知県,B,150,,ドラフト2期生,0回,,,
石田優美,NMB48,チームM,ゆうみん,Showtitle,1998/10/12,19,兵庫県,B,159,,2期生,1回,,,
磯佳奈江,NMB48,チームM,いそちゃん,Showtitle,1993/08/09,24,茨城県,B,151.5,,ドラフト1期生,0回,,,
岩田桃夏,NMB48,チームM,ももるん,Showtitle,2001/07/02,16,京都府,O,154,,5期生,1回,,,
鵜野みずき,NMB48,チームM,みぃーき,Showtitle,1996/10/23,21,奈良県,A,169,,2期生,NMB48 0回 AKB48 1回,,,
大段舞依,NMB48,チームM,まいち,Showtitle,1994/10/04,23,兵庫県,A,155,,4期生,0回,,,
加藤夕夏,NMB48,チームM,うーか,Showtitle,1997/08/01,20,大阪府,A,164,,3期生,13回,,,
川上千尋,NMB48,チームM,ちっひー,Showtitle,1998/12/17,18,大阪府,A,154,,4期生,1回,,,
川上礼奈,NMB48,チームM,れなぴょん,Showtitle,1995/09/16,22,香川県,O,162,,1期生,0回,,,
中野麗来,NMB48,チームM,れいな,Showtitle,1999/08/24,18,奈良県,A,165,,4期生,0回,,,
西澤瑠莉奈,NMB48,チームM,るりりん,Showtitle,1999/07/27,18,大阪府,B,164,,2期生,0回,,,
安田桃寧,NMB48,チームM,ももね,Showtitle,2001/06/08,16,大阪府,O,150,,ドラフト2期生,0回,,,
山田寿々,NMB48,チームM,すず,Showtitle,2001/12/11,15,大阪府,A,153,,5期生,0回,,,
吉田朱里,NMB48,チームM,アカリン,Showtitle,1996/08/16,21,大阪府,AB,165,,1期生,NMB48 14回 AKB48 4回,,,
明石奈津子,NMB48,チームBII,なっつ,Showtitle,1999/08/17,18,大阪府,B,153,,4期生,0回,,,
石塚朱莉,NMB48,チームBII,あんちゅ,Showtitle,1997/07/11,20,千葉県,A,161.5,,3期生,0回,,,
井尻晏菜,NMB48,チームBII,あんたん,Showtitle,1995/01/20,22,京都府,B,159.8,,3期生,0回,,,
植村梓,NMB48,チームBII,あずさ,Showtitle,1999/02/04,18,大阪府,O,157.5,,ポスト山田菜々,2回,,,
太田夢莉,NMB48,チームBII,ゆーり,Showtitle,1999/12/01,17,奈良県,AB,162,,3期生,6回,,,
沖田彩華,NMB48,チームBII,あーぽん,Showtitle,1995/10/11,22,広島県,AB,157.5,,1期生,4回,,,
久代梨奈,NMB48,チームBII,りなっち,Showtitle,1999/01/29,18,大阪府,O,162,,3期生,3回,,,
清水里香,NMB48,チームBII,りかてぃー,Showtitle,1998/09/15,19,千葉県,O,160,,5期生,0回,,,
城恵理子,NMB48,チームBII,ジョー,Showtitle,1998/11/27,19,兵庫県,A,156.5,,4.5期生（元2期生）,NMB48 7回 AKB48 1回,,,
上西怜,NMB48,チームBII,れーちゃん,Showtitle,2001/05/28,16,滋賀県,A,151,,5期生,1回,,,
武井紗良,NMB48,チームBII,さららん,Showtitle,1998/10/06,19,大阪府,O,160,,ドラフト1期生,0回,,,
中川美音,NMB48,チームBII,みおん,Showtitle,2002/11/16,15,大阪府,不明,148,,5期生,0回,,,
水田詩織,NMB48,チームBII,しおり,Showtitle,1998/12/21,18,愛媛県,B,153,,5期生,0回,,,
村瀬紗英,NMB48,チームBII,さえぴぃ,Showtitle,1997/03/30,20,大阪府,A,159,,2期生,8回,,,
森田彩花,NMB48,チームBII,あやてぃん,Showtitle,1995/05/29,22,兵庫県,O,158,,4期生,0回,,,
矢倉楓子,NMB48,チームBII,ふぅちゃん,Showtitle,1997/02/24,20,大阪府,A,156,,2期生,NMB48 14回 AKB48 2回,,,
秋吉優花,HKT48,チームH,ゆかちゃん,AKS,2000/10/24,17,福岡県,B,157,,2期生,2回,,,
宇井真白,HKT48,チームH,ましろ,AKS,2000/01/31,17,福岡県,A,155,,2期生,0回,,,
上野遥,HKT48,チームH,はるたん,AKS,1999/09/20,18,福岡県,A,155,,2期生,0回,,,
神志那結衣,HKT48,チームH,じーな,AKS,1998/01/24,19,福岡県,AB,163,,2期生,5回,,,
駒田京伽,HKT48,チームH,ぴーちゃん,AKS,1996/11/21,21,宮崎県,A,158,,2期生,1回,,,
坂口理子,HKT48,チームH,りこぴ,AKS,1994/07/26,23,福岡県,A,164,,2期生,2回,,,
指原莉乃,HKT48,チームH,さっしー,太田プロダクション,1992/11/21,25,大分県,O,159,B73（Aカップ）,AKB48 5期生,HKT48 10回 AKB48 33回 STU48 1回,,,
田島芽瑠,HKT48,チームH,める,AKS,2000/01/07,17,福岡県,B,163,,2期生,HKT48 9回 AKB48 2回,,,
田中菜津美,HKT48,チームH,なつみかん,AKS,2000/08/10,17,福岡県,A,170.4,,1期生,HKT48 1回 SKE48 0回,,,オレンジ 紫
田中美久,HKT48,チームH,みくりん,AKS,2001/09/12,16,熊本県,B,149,,3期生,HKT48 7回 AKB48 1回,,,
豊永阿紀,HKT48,チームH,あき,AKS,1999/10/25,18,福岡県,B,158,,4期生,1回,,,
松岡菜摘,HKT48,チームH,なつ,AKS,1996/08/08,21,福岡県,A,161,,1期生,9回,,,
山田麻莉奈,HKT48,チームH,まりり,AKS,1995/03/24,22,福岡県,B,155,,2期生,0回,,,
山本茉央,HKT48,チームH,まお,AKS,1996/09/18,21,福岡県,不明,156,,ドラフト1期生,1回,,,
今田美奈,HKT48,チームKIV,みなぞう,AKS,1997/03/05,20,福岡県,O,168,,1期生,0回,,,
岩花詩乃,HKT48,チームKIV,しの,AKS,2000/04/01,17,福岡県,A,153,,2期生,0回,,,
植木南央,HKT48,チームKIV,なお,AKS,1997/08/12,20,福岡県,AB,157,,1期生,2回,,,
運上弘菜,HKT48,チームKIV,なっぴ,AKS,1998/08/09,19,北海道,B,155,,4期生,0回,,,
熊沢世莉奈,HKT48,チームKIV,せりーぬ,AKS,1997/04/17,20,福岡県,O,164,,1期生,0回,,,
下野由貴,HKT48,チームKIV,しなもん,AKS,1998/04/02,19,福岡県,O,162,,1期生,2回,,,
田中優香,HKT48,チームKIV,ゆうたん,AKS,2000/06/07,17,福岡県,AB,159,,2期生,2回,,,
地頭江音々,HKT48,チームKIV,ねねちゃん,AKS,2000/09/27,17,宮崎県,不明,156,,4期生,1回,,,
冨吉明日香,HKT48,チームKIV,あすか,AKS,1997/09/20,20,宮崎県,O,159,,2期生,2回,,,
深川舞子,HKT48,チームKIV,まいこむ,AKS,1999/07/05,18,福岡県,B,159,,1期生,0回,,,
渕上舞,HKT48,チームKIV,まいちゃん,AKS,1996/09/21,21,福岡県,A,157,,2期生,7回,,,
村重杏奈,HKT48,チームKIV,あーにゃ,AKS,1998/07/29,19,山口県,O,163,,1期生,HKT48 4回 NMB48 0回,,,
本村碧唯,HKT48,チームKIV,あおいたん,AKS,1997/05/31,20,福岡県,A,155,,1期生,8回,,,
森保まどか,HKT48,チームKIV,まどか,AKS,1997/07/26,20,長崎県,A,168,B80.5 W64 H89,1期生,HKT48 9回 AKB48 1回,,,
荒巻美咲,HKT48,チームTII,みるん,AKS,2001/01/28,16,福岡県,不明,160,,3期生,1回,,,
今村麻莉愛,HKT48,チームTII,まーさん,AKS,2003/09/14,14,群馬県,不明,140,,ドラフト2期生,1回,,,
小田彩加,HKT48,チームTII,ODA,AKS,1999/02/09,18,福岡県,不明,153,,4期生,1回,,,
栗原紗英,HKT48,チームTII,さえちゃん,AKS,1996/06/20,21,福岡県,O,164,,3期生,1回,,,
堺萌香,HKT48,チームTII,おいもちゃん,AKS,1998/08/25,19,福岡県,A,148,,4期生,0回,,,
坂本愛玲菜,HKT48,チームTII,えれたん,AKS,2000/09/12,17,福岡県,A,153,,3期生,1回,,,
清水梨央,HKT48,チームTII,りおちゃん,AKS,2003/10/11,14,福岡県,AB,152,,4期生,0回,,,
武田智加,HKT48,チームTII,もかちゃん,AKS,2003/02/25,14,神奈川県,不明,151,,4期生,1回,,,
月足天音,HKT48,チームTII,あまちゃん,AKS,1999/10/26,18,福岡県,O,151,,4期生,2回,,,
外薗葉月,HKT48,チームTII,はづき,AKS,1999/01/17,18,福岡県,A,152,,3期生,0回,,,
松岡はな,HKT48,チームTII,はな,AKS,2000/01/19,17,千葉県,不明,159,,ドラフト2期生,HKT48 4回 AKB48 4回,,,
松本日向,HKT48,チームTII,ひなた,AKS,2000/12/11,16,大阪府,AB,163,,4期生,0回,,,
宮﨑想乃,HKT48,チームTII,そのちん,AKS,2000/10/30,17,佐賀県,A,161,,4期生,0回,,,
村川緋杏,HKT48,チームTII,びびあん,AKS,1999/12/03,17,福岡県,O,157,,ドラフト2期生,,,,
山内祐奈,HKT48,チームTII,ゆうな,AKS,1999/07/06,18,福岡県,A,155,,3期生,0回,,,
山下エミリー,HKT48,チームTII,エミリー,AKS,1998/12/19,18,福岡県,O,162,,3期生,1回,,,
荻野由佳,NGT48,チームNIII,おぎゆか ゆか,ホリプロ,1999/02/16,18,埼玉県,A,160,,ドラフト2期生,NGT48 2回 AKB48 2回,,,オレンジ 白
小熊倫実,NGT48,チームNIII,つぐみん,AKS,2002/12/15,14,新潟県,B,156,,1期生,2回,,,ピンク 白
加藤美南,NGT48,チームNIII,かとみな,AKS,1999/01/15,18,新潟県,O,152,,1期生,NGT48 2回 AKB48 1回,,,水色 白
北原里英,NGT48,チームNIII,きたりえ,太田プロダクション,1991/06/24,26,愛知県,A,157,B78 W57 H83,5期生,NGT48 2回 AKB48 30回 SKE48 1回,,,水色 緑
佐藤杏樹,NGT48,チームNIII,あんじゅ シュガちゃん,AKS,2001/11/05,16,新潟県,A,151,,1期生,2回,,,青 白
菅原りこ,NGT48,チームNIII,りったん,AKS,2000/11/23,17,新潟県,O,155,,1期生,2回,,,緑 赤
高倉萌香,NGT48,チームNIII,もっちゃん おかっぱ,AKS,2001/04/23,16,新潟県,O,158,,1期生,NGT48 2回 AKB48 1回,,,茶色
太野彩香,NGT48,チームNIII,アヤカニ,AKS,1997/07/20,20,兵庫県,B,158,,1期生,2回,,,
中井りか,NGT48,チームNIII,りかちゃん りか姫,AKS,1997/08/23,20,富山県,A,156,,1期生,NGT48 2回 AKB48 4回,,,ピンク
西潟茉莉奈,NGT48,チームNIII,潟姉 がたねぇ,AKS,1995/10/16,22,東京都,O,158,,ドラフト2期生,2回,,,ピンク 紫
長谷川玲奈,NGT48,チームNIII,れなぽん,AKS,2001/03/15,16,新潟県,O,158,,1期生,2回,,,緑 白
本間日陽,NGT48,チームNIII,ひなたん・ひなひな,AKS,1999/11/10,18,新潟県,B,159,,1期生,NGT48 2回 AKB48 1回,,,ピンク 赤
村雲颯香,NGT48,チームNIII,もふちゃん,AKS,1997/07/05,20,秋田県,O,163,,1期生,2回,,,
山口真帆,NGT48,チームNIII,まほほん まほほ,AKS,1995/09/17,22,青森県,O,161,,1期生,2回,,,ピンク 水色
山田野絵,NGT48,チームNIII,のえピー のえ,AKS,1999/10/07,18,埼玉県,A,158,,1期生,2回,,,黄 赤
角ゆりあ,NGT48,研究生,ゆーりん 角ちゃん,AKS,2000/06/22,17,石川県,A,154,,1期生,1回,,,薄ピンク エメラルドグリーン
日下部愛菜,NGT48,研究生,あいにゃー,AKS,2002/02/06,15,神奈川県,A,158,,1期生,,,,緑 黄
清司麗菜,NGT48,研究生,れいにゃー れいな,AKS,2001/04/19,16,埼玉県,O,151,,1期生,,,,紫 白
髙橋真生,NGT48,研究生,まうちゃん まうまう,AKS,2001/06/03,16,新潟県,A,160,,1期生,,,,黄 ピンク
中村歩加,NGT48,研究生,あゆたろう,AKS,1998/07/28,19,新潟県,AB,161,,1期生,,,,赤 水色
奈良未遥,NGT48,研究生,みはちゃん,AKS,1998/03/20,19,青森県,A,160,,1期生,,,,黄 白
西村菜那子,NGT48,研究生,なーちゃん,AKS,1997/08/11,20,長野県,O,163,,1期生,,,,紫
宮島亜弥,NGT48,研究生,あやにゃん あやや,AKS,1997/11/27,20,新潟県,O,160,,1期生,1回,,,白 白
石田千穂,STU48,,ちほちゃん,STU,2002/03/17,15,広島県,O,157,,1期,1回,,,
石田みなみ,STU48,,みい,STU,1998/10/11,19,兵庫県,O,153,,1期,1回,,,
磯貝花音,STU48,,かのん・きゃのん,STU,2000/06/01,17,愛知県,A,163,,1期,1回,,,
市岡愛弓,STU48,,あゆみん,STU,2003/08/21,14,福岡県,A,158,,1期,1回,,,
今村美月,STU48,,みちゅ,STU,2000/02/19,17,広島県,O,158,,1期,1回,,,
岩田陽菜,STU48,,ひなちゃん・ひなぴよ,STU,2003/02/21,14,山口県,A,148,,1期,1回,,,
大谷満理奈,STU48,,マリーナ・天来ちゃん,STU,2004/02/14,13,山口県,A,156,,1期,0回,,,
尾﨑舞美,STU48,,ぽんちゃん・まみみん,STU,2000/12/18,16,愛媛県,O,166,,1期,0回,,,
甲斐心愛,STU48,,さんしろー・ここあ,STU,2003/11/28,13,広島県,B,149,,1期,0回,,,
門田桃奈,STU48,,ももちゃん,STU,1999/08/26,18,愛媛県,O,161,,1期,0回,,,
門脇実優菜,STU48,,みゆみゆ,STU,2003/03/11,14,兵庫県,O,152,,1期,1回,,,
榊美優,STU48,,CUCA（くーか）・さかき,STU,2002/04/28,15,香川県,O,151,,1期,0回,,,
佐野遥,STU48,,はるるん,STU,1995/08/16,22,大阪府,A,166,,1期,1回,,,
塩井日奈子,STU48,,ひーこ・ムーニーちゃん,STU,2000/01/07,17,高知県,B,160,,1期,0回,,,
新谷野々花,STU48,,のんちゃん,STU,2004/05/23,13,広島県,O,146,,1期,0回,,,
菅原早記,STU48,,さっきー,STU,2001/11/14,16,岡山県,B,160,,1期,0回,,,
瀧野由美子,STU48,,ゆみりん,STU,1997/09/24,20,山口県,O,164,,1期,STU48 1回 AKB48 1回,,,
田中皓子,STU48,,こっこ・こーこ,STU,1996/06/16,21,佐賀県,A,159,,1期,0回,,,
谷口茉妃菜,STU48,,まひ・まひな,STU,2000/02/03,17,徳島県,A,160,,1期,0回,,,
張織慧,STU48,,おちょちゃん,STU,2001/10/18,16,岡山県,A,159,,1期,0回,,,
土路生優里,STU48,,とろちゃん・ゆりりん,STU,1999/03/24,18,広島県,AB,158,,1期,1回,,,
兵頭葵,STU48,,あおい,STU,2001/01/18,16,愛媛県,A,159,,1期,0回,,,
福田朱里,STU48,,ふくちゃん,STU,1999/03/29,18,香川県,O,164,,1期,1回,,,
藤原あずさ,STU48,,あず,STU,1998/05/10,19,岡山県,A,163,,1期,1回,,,
三島遥香,STU48,,ぱると,STU,1998/04/18,19,徳島県,B,156,,1期,0回,,,
峯吉愛梨沙,STU48,,ありちゃん,STU,2004/09/02,13,広島県,A,147,,1期,0回,,,
森香穂,STU48,,かほたる,STU,1997/06/01,20,三重県,B,151,,1期,1回,,,
森下舞羽,STU48,,はっちゃん,STU,2004/10/04,13,山口県,A,153,,1期,0回,,,
矢野帆夏,STU48,,なっちゃん・ほのたん・矢野ちゃん,STU,1999/08/06,18,広島県,B,157,,1期,0回,,,
薮下楓,STU48,,ふう,STU,2000/10/07,17,大阪府,AB,154,,1期,1回,,,
秋元真夏,乃木坂46,,,乃木坂46合同会社,1993/08/20,24,埼玉県,B,153,,1期生,16回,,,ピンク 赤
生田絵梨花,乃木坂46,,,乃木坂46合同会社,1997/01/22,20,東京都,A,160,,1期生,18回,,,黄色 黄色
生駒里奈,乃木坂46,,いこま いこまちゃん いこたん,乃木坂46合同会社,1995/12/29,21,秋田県,AB,153,,1期生,乃木坂46 19回 AKB48 4回,,,青 紫
伊藤かりん,乃木坂46,,,乃木坂46合同会社,1993/05/26,24,神奈川県,O,154,,2期生,0回,,,緑 紫 (出来れば ミントグリーン 藤色 のような薄い、パステルっぽい色)
伊藤純奈,乃木坂46,,じゅんな,乃木坂46合同会社,1998/11/30,18,神奈川県,A,165,,2期生,0回,,,ピンク 水色
伊藤万理華,乃木坂46,,,乃木坂46合同会社,1996/02/20,21,神奈川県,O,155,,1期生,11回,,,緑 紫
井上小百合,乃木坂46,,,乃木坂46合同会社,1994/12/14,22,埼玉県,B,154,B80 W58 H83,1期生,13回,,,白 白
衛藤美彩,乃木坂46,,,乃木坂46合同会社,1993/01/04,24,大分県,AB,162,B82 W59 H78,1期生,12回,,,赤 紫
川後陽菜,乃木坂46,,,乃木坂46合同会社,1998/03/22,19,長崎県,O,158,,1期生,1回,,,ハート型サイリウム(何色でも可)
川村真洋,乃木坂46,,,乃木坂46LLC（合同会社）,1995/07/23,22,大阪府,A,156,,1期生,2回,,,赤 赤 または 赤 白
北野日奈子,乃木坂46,,,乃木坂46合同会社,1996/07/17,21,,O,157,,2期生,5回,,,ピンク 黄緑
齋藤飛鳥,乃木坂46,,,乃木坂46合同会社,1998/08/10,19,東京都,O,154,,1期生,12回,,,白 水色
斎藤ちはる,乃木坂46,,,乃木坂46合同会社,1997/02/17,20,埼玉県,A,166,,1期生,1回,,,赤 青
斉藤優里,乃木坂46,,,乃木坂46合同会社,1993/07/20,24,東京都,O,156,,1期生,8回,,,ピンク 白
相楽伊織,乃木坂46,,いおり,乃木坂46合同会社,1997/11/26,20,埼玉県,O,164,,2期生,1回,,,緑 オレンジ
桜井玲香,乃木坂46,,,乃木坂46合同会社,1994/05/16,23,神奈川県,A,155,,1期生,19回,,,赤 ピンク
佐々木琴子,乃木坂46,,ことこ、こったん,乃木坂46合同会社,1998/08/28,19,埼玉県,A,163,,2期生,0回,,,青 緑
白石麻衣,乃木坂46,,,乃木坂46合同会社,1992/08/20,25,群馬県,A,162,,1期生,19回,,,水色 水色
新内眞衣,乃木坂46,,,乃木坂46合同会社,1992/01/22,25,埼玉県,B,164,,2期生,5回,,,青 紫
鈴木絢音,乃木坂46,,あーちゃん,乃木坂46合同会社,1999/03/05,18,秋田県,O,162,,2期生,0回,,,白 紫
高山一実,乃木坂46,,,乃木坂46合同会社,1994/02/08,23,千葉県,A,161,,1期生,19回,,,水色 ピンク
寺田蘭世,乃木坂46,,らんらん,乃木坂46合同会社,1998/09/23,19,東京都,不明,155,,2期生,1回,,,赤 白
中田花奈,乃木坂46,,,乃木坂46合同会社,1994/08/06,23,埼玉県,A,157,,1期生,7回,,,黒 白
中元日芽香,乃木坂46,,,乃木坂46合同会社,1996/04/13,21,広島県,O,161,,1期生,3回,,,ピンク ピンク
西野七瀬,乃木坂46,,,乃木坂46合同会社,1994/05/25,23,大阪府,O,159,,1期生,19回,,,緑 白
能條愛未,乃木坂46,,,乃木坂46合同会社,1994/10/18,23,神奈川県,A,163,,1期生,2回,,,オレンジ オレンジ
樋口日奈,乃木坂46,,,乃木坂46合同会社,1998/01/31,19,東京都,A,157,,1期生,2回,,,紫 オレンジ
星野みなみ,乃木坂46,,,乃木坂46合同会社,1998/02/06,19,千葉県,B,152,,1期生,17回,,,白 白 （2016年3月までは 水色 オレンジ ）
堀未央奈,乃木坂46,,,乃木坂46合同会社,1996/10/15,21,岐阜県,O,160,,2期生,11回,,,オレンジ 白
松村沙友理,乃木坂46,,,乃木坂46合同会社,1992/08/27,25,大阪府,B,163,,1期生,19回,,,ピンク 赤
山﨑怜奈,乃木坂46,,れなち,乃木坂46合同会社,1997/05/21,20,東京都,B,164,,2期生,0回,,,黄色 白
若月佑美,乃木坂46,,,乃木坂46合同会社,1994/06/27,23,静岡県,O,157,,1期生,17回,,,青 青
和田まあや,乃木坂46,,,乃木坂46合同会社,1998/04/23,19,広島県,O,157,,1期生,1回,,,黄色 一本 2本なら 黄色 オレンジ
渡辺みり愛,乃木坂46,,みーちゃん、みりりん,乃木坂46合同会社,1999/11/01,18,東京都,O,151,,2期生,0回,,,黄色 黄緑
伊藤理々杏,乃木坂46,,,乃木坂46合同会社,2002/10/08,15,沖縄県,B,154,,3期生,,,,
岩本蓮加,乃木坂46,,,乃木坂46合同会社,2004/02/02,13,東京都,B,157,,3期生,,,,
梅澤美波,乃木坂46,,,乃木坂46合同会社,1999/01/06,18,神奈川県,A,170,,3期生,,,,
久保史緒里,乃木坂46,,,乃木坂46合同会社,2001/07/14,16,宮城県,O,159,,3期生,,,,
大園桃子,乃木坂46,,,乃木坂46合同会社,1999/09/13,18,鹿児島県,O,156,,3期生,1回,,,
阪口珠美,乃木坂46,,,乃木坂46合同会社,2001/11/10,16,東京都,A,161,,3期生,,,,
佐藤楓,乃木坂46,,,乃木坂46合同会社,1998/03/23,19,愛知県,A,161,,3期生,,,,
中村麗乃,乃木坂46,,,乃木坂46合同会社,2001/09/27,16,東京都,,167,,3期生,,,,
向井葉月,乃木坂46,,,乃木坂46合同会社,1999/08/23,18,東京都,A,152,,3期生,,,,
山下美月,乃木坂46,,,乃木坂46合同会社,1999/07/26,18,東京都,O,159,,3期生,,,,
吉田綾乃クリスティー,乃木坂46,,,乃木坂46合同会社,1995/09/06,22,大分県,A,161,,3期生,,,,
与田祐希,乃木坂46,,,乃木坂46合同会社,2000/05/05,17,福岡県,O,152,,3期生,1回,,,
石森虹花,欅坂46,,,,1997/05/07,20,宮城県,A,162,,1期生,5回,,,ピンク 白 or 虹色
今泉佑唯,欅坂46,,,,1998/09/30,19,神奈川県,O,154,,1期生,5回,,,赤 緑 赤 赤 （ゆいちゃんず） 黄 黄 （夏の花は向日葵だけじゃない）
上村莉菜,欅坂46,,,,1997/01/04,20,千葉県,O,152.5,,1期生,5回,,,ピンク ピンク
尾関梨香,欅坂46,,,,1997/10/07,20,神奈川県,O,155,,1期生,5回,,,黄色 白
織田奈那,欅坂46,,,,1998/06/04,19,静岡県,O,161.1,,1期生,5回,,,オレンジ 緑
小池美波,欅坂46,,,,1998/11/14,19,兵庫県,B,159,,1期生,5回,,,オレンジ 白
小林由依,欅坂46,,,,1999/10/23,18,埼玉県,A,160,,1期生,5回,,,青 黄色 赤 赤 （ゆいちゃんず）
齋藤冬優花,欅坂46,,,,1998/02/15,19,東京都,O,157,,1期生,5回,,,黄色 黄色
佐藤詩織,欅坂46,,,,1996/11/16,21,東京都,A,162,,1期生,5回,,,青 紫
志田愛佳,欅坂46,,,,1998/11/23,19,新潟県,A,165,,1期生,5回,,,白 白
菅井友香,欅坂46,,,,1995/11/29,21,東京都,AB,163.5,,1期生,5回,,,紫色 黄色
鈴本美愉,欅坂46,,,,1997/12/05,19,愛知県,AB,155,,1期生,5回,,,白 水色
長沢菜々香,欅坂46,,,,1997/04/23,20,山形県,A,158,,1期生,5回,,,赤 白
長濱ねる,欅坂46,,,,1998/09/04,19,長崎県,O,157,,1.5期,4回,,,紫 紫
土生瑞穗,欅坂46,,,,1997/07/07,20,東京都,A,171,,1期生,5回,,,ピンク 水色
原田葵,欅坂46,,,,2000/05/07,17,東京都,AB,156,,1期生,5回,,,オレンジ 黄色
平手友梨奈,欅坂46,,,ソニー・ミュージックレーベルズ,2001/06/25,16,愛知県,O,165,,1期生,5回,,,緑 緑 「山手線」 赤 赤 「渋谷からPARCOが消えた日」
守屋茜,欅坂46,,,,1997/11/12,20,宮城県,A,163,,1期生,5回,,,赤 白
米谷奈々未,欅坂46,,,,2000/02/24,17,大阪府,B,157,,1期生,5回,,,水色 緑
渡辺梨加,欅坂46,,,,1995/05/16,22,茨城県,O,165,,1期生,5回,,,水色 水色
渡邉理佐,欅坂46,,,,1998/07/27,19,茨城県,O,163,,1期生,5回,,,白 青
井口眞緒,けやき坂46,,,,1995/11/10,22,新潟県,AB,163,,けやき坂46,0回,,,オレンジ オレンジ
潮紗理菜,けやき坂46,,,,1997/12/26,19,神奈川県,O,157,,けやき坂46,0回,,,紫 白
柿崎芽実,けやき坂46,,,,2001/12/02,15,長野県,A,156,,けやき坂46,0回,,,
影山優佳,けやき坂46,,,,2001/05/08,16,東京都,O,154,,けやき坂46,0回,,,赤 赤
加藤史帆,けやき坂46,,,,1998/02/02,19,東京都,A,159,,けやき坂46,0回,,,青 青
齊藤京子,けやき坂46,,,,1997/09/05,20,東京都,A,155,,けやき坂46,0回,,,ピンク 青
佐々木久美,けやき坂46,,,,1996/01/22,21,千葉県,O,166,,けやき坂46,0回,,,紫 紫
佐々木美玲,けやき坂46,,,,1999/12/17,17,兵庫県,O,163,,けやき坂46,0回,,,水色 赤
高瀬愛奈,けやき坂46,,,,1998/09/20,19,大阪府,A,157,,けやき坂46,0回,,,ピンク 緑
高本彩花,けやき坂46,,,,1998/11/02,19,神奈川県,B,160,,けやき坂46,0回,,,緑 白
東村芽依,けやき坂46,,,,1998/08/23,19,奈良県,O,153,,けやき坂46,0回,,,赤 白
金村美玖,けやき坂46,,,ソニー・ミュージックレーベルズ,2002/09/10,15,埼玉県,O,,,けやき坂46 2期,0回,,,
河田陽菜,けやき坂46,,,ソニー・ミュージックレーベルズ,2001/07/23,16,山口県,B,,,けやき坂46 2期,0回,,,
小坂菜緒,けやき坂46,,,ソニー・ミュージックレーベルズ,2002/09/07,15,大阪府,O,,,けやき坂46 2期,0回,,,
富田鈴花,けやき坂46,,,ソニー・ミュージックレーベルズ,2001/01/18,16,神奈川県,A,,,けやき坂46 2期,0回,,,
丹生明里,けやき坂46,,,ソニー・ミュージックレーベルズ,2001/02/15,16,埼玉県,AB,,,けやき坂46 2期,0回,,,
濱岸ひより,けやき坂46,,,ソニー・ミュージックレーベルズ,2002/09/28,15,福岡県,A,,,けやき坂46 2期,0回,,,
松田好花,けやき坂46,,,ソニー・ミュージックレーベルズ,1999/04/27,18,京都府,A,,,けやき坂46 2期,0回,,,
宮田愛萌,けやき坂46,,,ソニー・ミュージックレーベルズ,1998/04/28,19,東京都,A,,,けやき坂46 2期,0回,,,
渡邉美穂,けやき坂46,,,ソニー・ミュージックレーベルズ,2000/02/24,17,埼玉県,不明,,,けやき坂46 2期,0回,,,
